,optimal_itr,optimal_time
0,1314,27609.61434745789
1,1380,29532.085014104843
2,1349,28932.290013074875
3,1655,35098.07704901695
4,1253,26724.46820688248
5,1420,29795.378374814987
6,1394,29759.654004096985
7,1323,28562.40186285973
8,1371,29584.34704875946
9,1401,29571.22364115715
