,optimal_itr,optimal_time
0,1498,51553.36115407944
1,1458,49658.66499686241
2,1604,53555.84313440323
3,1501,50214.09536719322
4,1556,50758.54200530052
5,1447,48337.55543208122
6,1501,50458.91991853714
7,1603,53610.42148518562
8,1540,51027.14834213257
9,2769,86622.50310087204
