,optimal_itr,optimal_time
0,3299,79185.3497223854
1,3300,81748.47304797173
2,3097,78512.62344884872
3,3552,97141.51481318474
4,3413,98066.8967256546
5,3020,93038.925978899
6,3292,97071.88082575798
7,3505,95698.51571846008
8,3695,87785.95335507393
9,3381,90408.69939923286
