,optimal_itr,optimal_time
0,1347,22906.399245262142
1,1403,23573.01873016357
2,1421,23946.56523799896
3,1402,23685.002742528915
4,1505,25500.325322389603
5,1410,23438.093040704727
6,1330,22797.977749824524
7,1532,25818.41944694519
8,1288,22013.63672208786
9,1450,24592.139801740646
