,optimal_itr,optimal_time
0,57,49.11798167228699
1,76,64.46283531188965
2,63,53.88613724708557
3,76,64.48843455314636
4,57,58.34765315055847
5,67,69.74146437644958
6,96,95.5111825466156
7,60,60.84038853645325
8,66,56.71291446685791
9,60,48.872623682022095
